claimId,referenceNumber,sourceTitle,identifier,accessLevel,supportQuote
CLM-001,1,"Chest pain in emergency department patients: if the pain is relieved by nitroglycerin, is it more likely to be cardiac chest pain?",PMID:17320010,full_text,"270 patients were enrolled. Nitroglycerin relieved chest pain in 66% of the subjects. The diagnostic sensitivity of nitroglycerin to determine cardiac chest pain was 72% (64%–80%), and the specificity was 37% (34%–41%) … was 1.1 (0.96–1.34)."
CLM-002,1,"Chest pain in emergency department patients: if the pain is relieved by nitroglycerin, is it more likely to be cardiac chest pain?",PMID:17320010,full_text,Relief of chest pain with nitroglycerin is not a reliable diagnostic test and does not distinguish between cardiac and non-cardiac chest pain.
CLM-003,1,"Chest pain in emergency department patients: if the pain is relieved by nitroglycerin, is it more likely to be cardiac chest pain?",PMID:17320010,full_text,This study corroborates recent work done by Shry and colleagues … Henrikson and coworkers … and Diercks and associates … (Table 2).
CLM-004,3,Chest pain - NHS,official-page:e6143b76645a9461,official_page,"you get sudden pain or discomfort in your chest that does not go away – the pain can feel like squeezing or pressure inside your chest, burning or indigestion … You could be having a heart attack. Call 999 straight away as you need immediate treatment in hospital."
CLM-005,3,Chest pain - NHS,official-page:e6143b76645a9461,official_page,"Chest pain has many different causes. In most cases, chest pain is not caused by a heart problem. … Do not self-diagnose – see a GP if you're worried."
CLM-006,4,Pre hospital delay and its associated factors in acute myocardial infarction in a developing country,PMID:34818360,full_text,De Luca and associates showed 1 year mortality risk increased by 7.5% for each 30-minute delay in primary percutaneous coronary intervention (PCI)
CLM-007,4,Pre hospital delay and its associated factors in acute myocardial infarction in a developing country,PMID:34818360,full_text,"proportional mortality reduction being significantly greater in patients treated within 2 h compared to those treated later (44% [95% CI 32, 53] vs 20% [ 15 , 25 ]; p = 0.001)"
CLM-008,5,"Glyceryl Trinitrate: History, Mystery, and Alcohol Intolerance",PMID:34770988,full_text,"Lowered alcohol tolerance due to the accumulation of acetaldehyde is seen in around 40% of the East Asian population … a common mutation in the ALDH2 gene, involving a guanine to adenine polymorphism in exon 12 on chromosome 12 … the same mutant form of ALDH2 is also referred to as (Glu504Lys)"
CLM-009,5,"Glyceryl Trinitrate: History, Mystery, and Alcohol Intolerance",PMID:34770988,full_text,a drop to negligible levels is seen in Lys504 homozygotes (ALDH2*2/2) and only an uptick to 6% of normal activity is seen in Glu504/Lys504 heterozygotes (ALDH2*1/2)
CLM-010,5,"Glyceryl Trinitrate: History, Mystery, and Alcohol Intolerance",PMID:34770988,full_text,a 10-fold drop in GTN metabolism when using the Lys504 enzyme in place of the ALDH2 wild type
CLM-011,5,"Glyceryl Trinitrate: History, Mystery, and Alcohol Intolerance",PMID:34770988,full_text,"142 coronary heart disease patients and showed that the amelioration of angina pectoris attacks within 5 min of GTN treatment was seen in 67.1% of patients who did not show flushing after drinking wine, compared to just 20.4% in flushing patients … an efficacious response to GTN in 5 min was seen in 57.5% of Glu504 patients compared to 11.1% in the alcohol intolerant, Lys504 patients"
CLM-012,5,"Glyceryl Trinitrate: History, Mystery, and Alcohol Intolerance",PMID:34770988,full_text,"one of the more recent investigations conducted in Japan, in 2017, which concluded that Lys504 mutant subjects, when administered with GTN sublingually, showed no difference in terms of vasodilatory effects when compared to Glu504 wild type subjects … a Chinese study in 2015, also using sublingual GTN, involving 559 subjects, showed that cardiac output increased only in wild type subjects"
CLM-013,6,Differential effects of organic nitrates on arterial diameter among healthy Japanese participants with different mitochondrial aldehyde dehydrogenase 2 genotypes: randomised crossover trial,PMID:21540305,full_text,"The maximal artery diameter increase in response to GTN or ISDN did not differ among genotypes. However, GTN T max was significantly longer for *2/*2 (299.7 s, 269.0–330.4) than *1/*1 (254.7 s, 238.6–273.4; p=0.0190)."
CLM-014,6,Differential effects of organic nitrates on arterial diameter among healthy Japanese participants with different mitochondrial aldehyde dehydrogenase 2 genotypes: randomised crossover trial,PMID:21540305,full_text,"The frequency of the ALDH2 *2 allele is approximately 20% in the Japanese population, although regional differences may exist … The frequencies of each genotype are: *1/*1, 60% to 70%; *1/*2, 30% to 40%; and *2/*2, 3% to 5%."
CLM-015,6,Differential effects of organic nitrates on arterial diameter among healthy Japanese participants with different mitochondrial aldehyde dehydrogenase 2 genotypes: randomised crossover trial,PMID:21540305,full_text,"A sublingual 0.3 mg dose of GTN typically alleviates chest pain, but some patients require a larger dose or repeated administration."
CLM-016,9,Efficacy of Suxiao Jiuxin Pill on Coronary Heart Disease: A Meta-Analysis of Randomized Controlled Trials,PMID:29770157,full_text,"Forty-one trials involving 6276 patients were included in our analysis. Administration of suxiao jiuxin pill significantly improved electrocardiogram (ECG) results when compared with other therapies (RR 1.32, 95% CI 1.26 to 1.38, and P < 0.001) … nitroglycerin (RR 1.35, 95% CI 1.16 to 1.56, and P < 0.001)"
CLM-017,9,Efficacy of Suxiao Jiuxin Pill on Coronary Heart Disease: A Meta-Analysis of Randomized Controlled Trials,PMID:29770157,full_text,The majority of the included studies received low Jadad scores due to the lack of a double-blind design
CLM-018,9,Efficacy of Suxiao Jiuxin Pill on Coronary Heart Disease: A Meta-Analysis of Randomized Controlled Trials,PMID:29770157,full_text,"The most common symptoms were mild headache, dizziness, and facial flushing … There was no significant difference in the adverse reaction rates between the treatment and the control groups (RR 1.12, 95% CI 0.50 to 2.51, and P = 0.785)"
CLM-019,9,Efficacy of Suxiao Jiuxin Pill on Coronary Heart Disease: A Meta-Analysis of Randomized Controlled Trials,PMID:29770157,full_text,"It has two main effective components, borneol and Ligusticum chuanxiong Hort"
CLM-020,6,"Glyceryl Trinitrate: History, Mystery, and Alcohol Intolerance",,full_text,"one of the more recent investigations conducted in Japan, in 2017, which concluded that Lys504 mutant subjects, when administered with GTN sublingually, showed no difference in terms of vasodilatory effects when compared to Glu504 wild type subjects"
CLM-022,6,Differential effects of organic nitrates on arterial diameter among healthy Japanese participants with different mitochondrial aldehyde dehydrogenase 2 genotypes: randomised crossover trial,PMID:21540305,full_text,"receiving phosphodiesterase-5 inhibitors (sildenafil, vardenafil or tadalafil)"
