dataset,license_id,source_url,redistribution,notes,verification_scope,adoption_decision,conditions,todo_ids
i2b2,i2b2-DBMI-DUA,https://portal.dbmi.hms.harvard.edu/,local-dua-required; never redistributed,"User-supplied, credentialed de-identification evaluation only.",SDK-declared policy; original publisher terms remain authoritative,Defer from first API batch,Credential and DUA access alone do not authorize external API processing; original terms and verifiable provider handling must permit the exact operation.,A02;B04;B05
n2c2,n2c2-DBMI-DUA,https://portal.dbmi.hms.harvard.edu/,local-dua-required; never redistributed,"User-supplied, credentialed de-identification evaluation only.",SDK-declared policy; original publisher terms remain authoritative,Defer from first API batch,Credential and DUA access alone do not authorize external API processing; original terms and verifiable provider handling must permit the exact operation.,A02;B04;B05
golden,Apache-2.0,openmed/eval/golden/fixtures,committed synthetic fixtures only,Synthetic-only fixtures; no real PHI and no DUA content.,SDK-declared policy; original publisher terms remain authoritative,Use as integrity/regression fixtures,"Synthetic fixture success is plumbing correctness, not model accuracy; also inspect openmed-synth's gold-reference behavior separately.",A02;B04;B05
radgraph,PhysioNet-Credentialed-Health-Data-License,https://physionet.org/content/radgraph/,user-supplied DUA/eval-only,"Credentialed local loading only. OpenMed never downloads, caches, logs, commits, or redistributes RadGraph or source radiology rows.",SDK-declared policy; original publisher terms remain authoritative,Defer from first API batch,Credential and DUA access alone do not authorize external API processing; original terms and verifiable provider handling must permit the exact operation.,A02;B04;B05
biored,BioRED-data-use-terms,https://github.com/ncbi/BioRED,credentialed eval-only; never redistributed,"OpenMed requires a user-supplied authorized local BioC copy. The adapter never downloads, caches, logs, commits, or redistributes BioRED corpus rows.",SDK-declared policy; original publisher terms remain authoritative,Priority candidate after original-source review,"SDK policy is a pointer, not legal clearance. Check original terms and annotation/vocabulary rights; BioRED's SDK credentialed label must not replace publisher terms.",A02;B04;B05
n2c2-2018,i2b2-DBMI-DUA,https://portal.dbmi.hms.harvard.edu/projects/n2c2-nlp/,credentialed eval-only; never redistributed,2018 ADE and medication relation data requires approved n2c2/DBMI access. OpenMed reads only a user-supplied local BRAT copy.,SDK-declared policy; original publisher terms remain authoritative,Defer from first API batch,Credential and DUA access alone do not authorize external API processing; original terms and verifiable provider handling must permit the exact operation.,A02;B04;B05
made,MADE-1.0-UMass-DUA,https://bio-nlp.org/dataset/made1,credentialed eval-only; never redistributed,MADE 1.0 medication and ADE annotations require approved local access. OpenMed reads only a user-supplied BioC or BRAT copy.,SDK-declared policy; original publisher terms remain authoritative,Defer from first API batch,Credential and DUA access alone do not authorize external API processing; original terms and verifiable provider handling must permit the exact operation.,A02;B04;B05
n2c2-2022,n2c2-DBMI-SHAC-DUA,https://n2c2.dbmi.hms.harvard.edu/2022-track-2,credentialed eval-only; never redistributed,2022 SDOH relation data requires approved n2c2/DBMI and SHAC access. OpenMed reads only a user-supplied local BRAT copy.,SDK-declared policy; original publisher terms remain authoritative,Defer from first API batch,Credential and DUA access alone do not authorize external API processing; original terms and verifiable provider handling must permit the exact operation.,A02;B04;B05
cegs-ngrid,CEGS-N-GRID-DBMI-DUA,https://portal.dbmi.hms.harvard.edu/,credentialed eval-only; never redistributed,CEGS N-GRID psychiatric intake de-identification data requires approved DBMI access. OpenMed reads only a user-supplied local annotation export.,SDK-declared policy; original publisher terms remain authoritative,Defer from first API batch,Credential and DUA access alone do not authorize external API processing; original terms and verifiable provider handling must permit the exact operation.,A02;B04;B05
shac,n2c2-DBMI-SHAC-DUA,https://n2c2.dbmi.hms.harvard.edu/2022-track-2,credentialed eval-only; never redistributed,SHAC social-determinants annotations require approved DBMI/n2c2 access. OpenMed reads only a user-supplied local BRAT export.,SDK-declared policy; original publisher terms remain authoritative,Defer from first API batch,Credential and DUA access alone do not authorize external API processing; original terms and verifiable provider handling must permit the exact operation.,A02;B04;B05
thyme,Mayo-THYME-data-use-terms,https://clear.colorado.edu/compbio/thyme/,credentialed eval-only; never redistributed,THYME temporal annotations require Mayo-THYME access. OpenMed reads only a user-supplied local annotation export.,SDK-declared policy; original publisher terms remain authoritative,Defer from first API batch,Credential and DUA access alone do not authorize external API processing; original terms and verifiable provider handling must permit the exact operation.,A02;B04;B05
mednli,PhysioNet-Credentialed-Health-Data-License,https://physionet.org/,credentialed eval-only; never redistributed,"MedNLI is derived from credentialed clinical notes. OpenMed never downloads, caches, commits, or redistributes its sentence pairs.",SDK-declared policy; original publisher terms remain authoritative,Defer from first API batch,Credential and DUA access alone do not authorize external API processing; original terms and verifiable provider handling must permit the exact operation.,A02;B04;B05
mimic-iv-bhc,UW-PhysioNet-DUA,https://physionet.org/,credentialed eval-only; never redistributed,MIMIC-IV-Ext-BHC discharge-summary data requires approved UW and PhysioNet access. OpenMed reads only a user-supplied local export.,SDK-declared policy; original publisher terms remain authoritative,Defer from first API batch,Credential and DUA access alone do not authorize external API processing; original terms and verifiable provider handling must permit the exact operation.,A02;B04;B05
naamapadam,CC0-1.0,https://huggingface.co/datasets/ai4bharat/naamapadam,reference-only,"AI4Bharat publishes the dataset packaging under CC0-1.0. OpenMed loads user-supplied copies by reference, commits original synthetic fixtures only, and redistributes no Naamapadam corpus rows.",SDK-declared policy; original publisher terms remain authoritative,Defer until language demand,Indic language coverage is outside the initial Chinese/English cohort; verify source terms if activated.,A02;B04;B05
shield,access-controlled-full; public-sample,https://huggingface.co/datasets/tds-research-tech/shield-sample,reference-only,Public sample can be loaded by reference; full dataset requires access approval.,SDK-declared policy; original publisher terms remain authoritative,Conditional public sample only,Review public-sample terms and fit; the controlled full corpus is a separate authorization and not covered by sample access.,A02;B04;B05
drugprot,CC-BY-4.0,https://zenodo.org/records/4955411,download-on-demand,Zenodo DOI 10.5281/zenodo.4955411; adapter caches the public archive locally and stores no corpus rows in the repository.,SDK-declared policy; original publisher terms remain authoritative,Priority candidate after original-source review,"SDK policy is a pointer, not legal clearance. Check original terms and annotation/vocabulary rights; BioRED's SDK credentialed label must not replace publisher terms.",A02;B04;B05
masakhaner,CC-BY-NC-4.0,https://huggingface.co/datasets/masakhane/masakhaner2,user-supplied only,"MasakhaNER 2.0 corpus data is non-commercial and is never bundled, downloaded, mirrored, or redistributed by OpenMed. Loading requires explicit license acceptance. The upstream repository and dataset-card prose declare non-commercial terms, while the current card metadata tags AFL-3.0; callers must verify the upstream terms for their use case.",SDK-declared policy; original publisher terms remain authoritative,Hold for rights and language need,Conflicting packaging/upstream licence declarations require resolution; do not infer unrestricted use from metadata.,A02;B04;B05
cblue,CBLUE-access-controlled,https://tianchi.aliyun.com/dataset/95414,user-supplied,"CBLUE access and usage terms apply. OpenMed never downloads, caches, or redistributes the benchmark corpus.",SDK-declared policy; original publisher terms remain authoritative,Conditional Chinese benchmark,Obtain authorized source/split and verify commercial/API terms. CHIP-CDN terminology needs its own rights. CMeIE support is not implied by a CBLUE adapter.,A02;B04;B05
cmeee,CBLUE-access-controlled,https://tianchi.aliyun.com/dataset/95414,user-supplied,CMeEE is the CBLUE clinical NER task. Supply an authorized local copy through OPENMED_CMEEE_PATH.,SDK-declared policy; original publisher terms remain authoritative,Conditional Chinese benchmark,Obtain authorized source/split and verify commercial/API terms. CHIP-CDN terminology needs its own rights. CMeIE support is not implied by a CBLUE adapter.,A02;B04;B05
chip_cdn,CBLUE-access-controlled,https://tianchi.aliyun.com/dataset/95414,user-supplied,"CHIP-CDN is the CBLUE clinical diagnosis normalization task and its standard-term side derives from a separately licensed national clinical ICD-10 edition. Supply an authorized local copy through OPENMED_CHIP_CDN_PATH; OpenMed never downloads, caches, or redistributes either the mentions or the standard terms.",SDK-declared policy; original publisher terms remain authoritative,Conditional Chinese benchmark,Obtain authorized source/split and verify commercial/API terms. CHIP-CDN terminology needs its own rights. CMeIE support is not implied by a CBLUE adapter.,A02;B04;B05
imcs_v2_ner,CBLUE-access-controlled,https://tianchi.aliyun.com/dataset/95414,user-supplied,"IMCS-V2-NER is the CBLUE medical-dialogue entity task. Supply an authorized local copy through OPENMED_IMCS_V2_NER_PATH; OpenMed never downloads, caches, or redistributes dialogue turns.",SDK-declared policy; original publisher terms remain authoritative,Conditional Chinese benchmark,Obtain authorized source/split and verify commercial/API terms. CHIP-CDN terminology needs its own rights. CMeIE support is not implied by a CBLUE adapter.,A02;B04;B05
medmentions,CC0-1.0,https://github.com/chanzuckerberg/MedMentions,reference-only,Adapter strips controlled-vocabulary identifiers from loaded metadata.,SDK-declared policy; original publisher terms remain authoritative,Priority candidate after original-source review,"SDK policy is a pointer, not legal clearance. Check original terms and annotation/vocabulary rights; BioRED's SDK credentialed label must not replace publisher terms.",A02;B04;B05
ncbi_disease,CC0-1.0,https://www.ncbi.nlm.nih.gov/research/bionlp/Data/disease/,download-on-demand,BigBIO metadata lists CC0-1.0; adapter loads public rows by reference and stores no corpus rows in the repository.,SDK-declared policy; original publisher terms remain authoritative,Priority candidate after original-source review,"SDK policy is a pointer, not legal clearance. Check original terms and annotation/vocabulary rights; BioRED's SDK credentialed label must not replace publisher terms.",A02;B04;B05
bc5cdr,Public-Domain-Mark-1.0,https://huggingface.co/datasets/bigbio/bc5cdr,download-on-demand,BigBIO metadata lists PUBLIC_DOMAIN_MARK_1p0; adapter loads public rows by reference and stores no corpus rows in the repository.,SDK-declared policy; original publisher terms remain authoritative,Priority candidate after original-source review,"SDK policy is a pointer, not legal clearance. Check original terms and annotation/vocabulary rights; BioRED's SDK credentialed label must not replace publisher terms.",A02;B04;B05
jnlpba,CC-BY-3.0,https://huggingface.co/datasets/bigbio/jnlpba,download-on-demand,BigBIO metadata lists CC_BY_3p0; adapter loads public rows by reference and stores no corpus rows in the repository.,SDK-declared policy; original publisher terms remain authoritative,Priority candidate after original-source review,"SDK policy is a pointer, not legal clearance. Check original terms and annotation/vocabulary rights; BioRED's SDK credentialed label must not replace publisher terms.",A02;B04;B05
species_800,Medline-restrictions,https://huggingface.co/datasets/spyysalo/species_800,download-on-demand,Hugging Face dataset card lists license as unknown and notes Medline restrictions; adapter loads by reference and stores no corpus rows in the repository.,SDK-declared policy; original publisher terms remain authoritative,Hold for original-source rights review,Source licence is unknown or constrained; public download availability does not clear commercial/API reuse.,A02;B04;B05
bc2gm,unknown-source-license,https://huggingface.co/datasets/bigbio/blurb,download-on-demand,BigBIO BLURB metadata lists license as other; source corpus licensing is not normalized to SPDX. Adapter loads public rows by reference and stores no corpus rows in the repository.,SDK-declared policy; original publisher terms remain authoritative,Hold for original-source rights review,Source licence is unknown or constrained; public download availability does not clear commercial/API reuse.,A02;B04;B05
