claimId,claimType,referenceNumber,claim,sourceTitle,artifactPath,supportQuote
CLM-001,direct,3,速效救心丸由川芎（Ligusticum striatum，Chuanxiong）与冰片（Borneolum syntheticum）两味组成，1982 年经中国药监（CFDA）批准上市。,"Efficacy and Safety of Suxiao Jiuxin Pills in the Treatment of Chronic Coronary Syndrome with Intolerance to Adverse Effects of Long-acting Nitrates: A Multicenter, Randomized, Double-blind, Placebo-controlled Study",.evimed-sources/PMC11451125/fulltext.md,"Suxiao Jiuxin Pill (SJPs) emerges as a prominent traditional Chinese patent medicine utilized for the treatment of acute ischemic heart disease, which was approved by China Food and Drug Administration (CFDA) in 1982 … The pill is composed of Ligusticum striatum DC. (WFO accession number: wfo-0000362231, family Apiaceae, Chuanxiong Rhizoma) and Dryobalanops aromatica C.F.Gaertn. (WFO accession number: wfo-0000657511, family Dipterocarpaceae, Borneolum syntheticum)."
CLM-002,direct,4,速效救心丸批准文号为 Z12020025，规格每丸重 40 mg。,"Efficacy and safety of Suxiao Jiuxin Pill in the treatment of stable angina (Qi stagnation and blood stasis syndrome): study protocol of a randomized, double-blind, placebo-controlled, multi-center clinical trial",.evimed-sources/PMC8287819/fulltext.md,"SJP is composed of tetramethylpyrazine and borneol approval number Z12020025 of the China State Food and Drug Administration [SFDA]). The SJP and placebo pills are provided by Tianjin Zhongxin Pharmaceutical Group Co., Ltd. (Tianjin, China). The placebo pills are similar to the SJP, with a comparable appearance. Each pill weighs 40 mg."
CLM-003,direct,3,按《中国药典》要求，每丸含川芎以阿魏酸计不少于 15.0 μg、含合成冰片以冰片计 2.9～4.4 mg。,"Efficacy and Safety of Suxiao Jiuxin Pills in the Treatment of Chronic Coronary Syndrome with Intolerance to Adverse Effects of Long-acting Nitrates: A Multicenter, Randomized, Double-blind, Placebo-controlled Study",.evimed-sources/PMC11451125/fulltext.md,"According to the Chinese Pharmacopoeia, each pill of SJPs is required to contain a minimum of 15.0 μg of Ligusticum chuanxiong, expressed in terms of ferulic acid (C 10 H 10 O 4 ), and 2.9 to 4.4 mg of Borneolum syntheticum, expressed in terms of Borneol (C 10 H 18 O)."
CLM-004,direct,4,速效救心丸的临床研究人群为气滞血瘀证（Qi Stagnation and Blood Stasis syndrome）慢性稳定型心绞痛患者。,"Efficacy and safety of Suxiao Jiuxin Pill in the treatment of stable angina (Qi stagnation and blood stasis syndrome): study protocol of a randomized, double-blind, placebo-controlled, multi-center clinical trial",.evimed-sources/PMC8287819/fulltext.md,The trial will enroll 324 participants with chronic stable angina (Qi Stagnation and Blood Stasis syndrome).
CLM-005,direct,4,本品临床研究入组要求已确诊冠心病：心肌梗死病史，或冠状动脉造影／冠脉 CT 血管造影证实狭窄大于 50%，或非侵入性负荷试验阳性。,"Efficacy and safety of Suxiao Jiuxin Pill in the treatment of stable angina (Qi stagnation and blood stasis syndrome): study protocol of a randomized, double-blind, placebo-controlled, multi-center clinical trial",.evimed-sources/PMC8287819/fulltext.md,① history of myocardial infarction (MI); ② coronary angiography or computed tomography coronary angiography confirmation of stenosis greater than 50%; and ③ noninvasive imaging stress test diagnostic of coronary artery disease (CAD)
CLM-006,direct,3,纳入 174 例不耐受长效硝酸酯的慢性冠脉综合征患者的多中心随机双盲安慰剂对照试验中，4 周时试验组 SAQ 总分改善≥20 分者占 60.9%，安慰剂组 39.1%（OR 2.43，95% CI 1.32～4.47，P=0.004）。,"Efficacy and Safety of Suxiao Jiuxin Pills in the Treatment of Chronic Coronary Syndrome with Intolerance to Adverse Effects of Long-acting Nitrates: A Multicenter, Randomized, Double-blind, Placebo-controlled Study",.evimed-sources/PMC11451125/fulltext.md,"A total of 174 CCS participants from eight clinical study centers in China were included in the modified intention-to-treat analyses. … randomized to either the SJPs or the placebo group for a duration of 4 weeks. … Specifically, 60.9% of patients treated with SJPs achieved a 20-point or greater improvement in SAQ-SS, while only 39.1% (OR = 2.43, 95% confidence interval [CI] = 1.32 to 4.47, P = 0.004) of patients in the placebo group achieved the same level of improvement"
CLM-007,direct,3,该试验 4 周内未报告不良事件，血脂指标组间差异无统计学意义。,"Efficacy and Safety of Suxiao Jiuxin Pills in the Treatment of Chronic Coronary Syndrome with Intolerance to Adverse Effects of Long-acting Nitrates: A Multicenter, Randomized, Double-blind, Placebo-controlled Study",.evimed-sources/PMC11451125/fulltext.md,randomized to either the SJPs or the placebo group for a duration of 4 weeks. … No participants reported experiencing adverse effects.
CLM-008,direct,5,纳入 41 项随机对照试验、6276 例冠心病患者的 meta 分析报告速效救心丸组心电图改善率优于对照（RR 1.32，95% CI 1.26～1.38），多数纳入研究因缺乏双盲而 Jadad 评分偏低。,Efficacy of Suxiao Jiuxin Pill on Coronary Heart Disease: A Meta-Analysis of Randomized Controlled Trials,.evimed-sources/PMC5892298/fulltext.md,"Forty-one trials involving 6276 patients were included in our analysis. Administration of suxiao jiuxin pill significantly improved electrocardiogram (ECG) results when compared with other therapies (RR 1.32, 95% CI 1.26 to 1.38, and P < 0.001). … The majority of the included studies received low Jadad scores due to the lack of a double-blind design"
CLM-009,direct,5,该 meta 分析未分析心血管死亡或药物相关并发症，其终点为心电图、血脂与血流变等替代指标。,Efficacy of Suxiao Jiuxin Pill on Coronary Heart Disease: A Meta-Analysis of Randomized Controlled Trials,.evimed-sources/PMC5892298/fulltext.md,"In this study, we did not analyze cardiovascular death or drug-related complications."
CLM-010,direct,9,韩国社区老年人定性研究中，20 名受访者中 18 名（90%）报告过处方或非处方药共享经历，其中处方药共享率 70%。,Medication Sharing Among Older Adults in South Korea: A Qualitative Study,.evimed-sources/PMC12990816/fulltext.md,"A total of 20 participants were included in the study. Among them, 18 participants (90%) reported medication-sharing experiences with prescription or over-the-counter medications, and 16 (80%) reported sharing medications with family or relatives. … The prescription medication sharing rate was 70% (14 of 20 participants) overall"
CLM-011,direct,9,借用他人药物者可能错误自我诊断并延迟就医；该定性研究记录到因先取用他人药物而推迟就医的情形。,Medication Sharing Among Older Adults in South Korea: A Qualitative Study,.evimed-sources/PMC12990816/fulltext.md,"Individual borrowers may inaccurately self-diagnose their conditions and delay visits to healthcare professionals when they can obtain medications from others … In some cases, appropriate treatment by healthcare professionals was delayed owing to medication-sharing behavior"
CLM-012,direct,9,无人监督用药对多重用药老年人可带来脑血管事件、认知损害或下降、谵妄与跌倒等风险。,Medication Sharing Among Older Adults in South Korea: A Qualitative Study,.evimed-sources/PMC12990816/fulltext.md,"unsupervised use of drugs targeting the central nervous system (CNS) can pose risks for older adults with polypharmacy, leading to cerebrovascular events, cognitive decline or impairment, delirium, and falls"
CLM-013,direct,10,乌干达北部横断面调查（n=1614）报告借用处方药率 35.9%（95% CI 33.5–38.2%）、共享率 32.7%（95% CI 30.4–34.9%）。,Prevalence of borrowing and sharing prescription medicines and associated socio-demographic factors: findings from COBERS health centres in northern Uganda,.evimed-sources/PMC5907402/fulltext.md,"Socio-demographic factors and Chi-squared test results for borrowing and sharing prescription medicine, n = 1614 … 35.9% (95% CI 33.5–38.2%) of the study participants had borrowed prescription medicines during the study period while 32.7% (95% CI 30.4–34.9%) of the study participants had shared their prescription medicine during the study period."
CLM-014,direct,13,首次急性冠脉综合征女性（n=39）的定性研究中，多数人将症状归因于血糖波动、反流、进食、紧张、衰老等非心脏原因，反流为最常见的归因。,Symptom recognition and treatment-seeking behaviors in women experiencing acute coronary syndrome for the first time: a qualitative study,.evimed-sources/PMC9703419/fulltext.md,"Participants included 39 women who had experienced ACS for the first time. … most women attributed their symptoms to a non-cardiac cause, such as fluctuations in blood glucose level, acid reflux, heavy food, stress, COVID-19, lung problems, muscle overuse, or aging. Acid reflux was the most commonly attributed cause."
CLM-015,direct,2,出现持续不缓解的胸痛或不适（可为压榨感、烧灼感或消化不良感）应立即呼叫急救（英国为 999）；这可能是心脏病发作，需立即就医。,Chest pain - NHS,.evimed-sources/official-pages/e6143b76645a9461/page.md,"Immediate action required: Call 999 if: - you get sudden pain or discomfort in your chest that does not go away – the pain can feel like squeezing or pressure inside your chest, burning or indigestion … You could be having a heart attack. Call 999 straight away as you need immediate treatment in hospital."
CLM-016,direct,16,荷兰初级保健的机会性房颤筛查整群随机对照试验中，47 个筛查诊所对 49 个常规诊所各随机抽取 200 名 65 岁以上无房颤史者，筛查组新诊断房颤 1.62%、常规组 1.53%，校正比值比 1.06（95% CI 0.84～1.35），即机会性筛查未提高检出率。,Opportunistic screening versus usual care for detection of atrial fibrillation in primary care: cluster randomised controlled trial,.evimed-sources/PMC7492823/fulltext.md,"47 intention-to-screen and 49 usual care primary care practices in the Netherlands … In each practice, a fixed sample of 200 eligible patients, aged 65 or older, with no known history of atrial fibrillation in the electronic medical record system, were randomly selected. … 144 (1.62%) new diagnoses of atrial fibrillation in the intention-to-screen group versus 139 (1.53%) in the usual care group were found (adjusted odds ratio 1.06 (95% confidence interval 0.84 to 1.35))."
CLM-018,direct,2,胸痛原因多样，多数并非心脏问题；不应自行诊断，如有疑虑应就医。,Chest pain - NHS,.evimed-sources/official-pages/e6143b76645a9461/page.md,Most chest pain is not a sign of anything serious but get medical advice just in case. … Do not self-diagnose – see a GP if you're worried.
CLM-019,direct,18,国家药监局综合司于 2026 年印发《处方药网络零售合规指南》（药监综药管函〔2026〕282 号）。,中日医药信息网·监管动态,.evimed-sources/official-pages/0420df80271693fc/page.md,国家药监局综合司关于印发处方药网络零售合规指南的通知 药监综药管函〔2026〕282号 2026-06-03
CLM-020,direct,10,系统评价显示借用处方药的现患率为 5% 至 51.9%、共享（出借）为 6% 至 22.9%。,Prevalence of borrowing and sharing prescription medicines and associated socio-demographic factors: findings from COBERS health centres in northern Uganda,.evimed-sources/PMC5907402/fulltext.md,the prevalence of prescription medication borrowing ranges from 5% … to 51.9% … The review further shows that the prevalence of sharing prescription medicine ranges from 6% to 22.9%
CLM-021,direct,3,该试验干预为速效救心丸每次 5 丸、每日 3 次舌下含服；SAQ-SS 连续变量的组间差为 5.68（95% CI 2.37～8.99）。,"Efficacy and Safety of Suxiao Jiuxin Pills in the Treatment of Chronic Coronary Syndrome with Intolerance to Adverse Effects of Long-acting Nitrates: A Multicenter, Randomized, Double-blind, Placebo-controlled Study",.evimed-sources/PMC11451125/fulltext.md,"all participants were instructed to orally administer the study medication sublingually after meals, three times a day, taking 5 capsules each time (total of 15 capsules per day), continuously for 4 weeks. … the SJPs intervention resulted in an improvement of 5.68 (95% CI = 2.37 to 8.99, P < 0.001, SJPs vs. placebo: 15.46 vs. 9.78"
