claimId,referenceNumber,supportQuote,sourceTitle,accessLevel
CLM-001,3,Most patients respond within 5 minutes of taking one to two sublingual dose(s) of 0.3–0.6 mg each. … If additional doses are necessary, they should be taken at 5-minute intervals for a maximum dose of ≤1.2 mg within 15 minutes. During this timeframe, if relief does not occur, the patient should seek immediate medical attention.,Role of short-acting nitroglycerin in the management of ischemic heart disease,full_text
CLM-002,3,Patients with suspected acute coronary syndrome who have been prescribed nitroglycerin previously should initially take no more than one nitroglycerin dose sublingually in response to chest discomfort/pain. If no relief occurs, or if pain worsens 5 minutes after taking one nitroglycerin dose, the patient or family member/friend/caregiver should call 9-1-1 immediately to access emergency medical services before taking additional nitroglycerin.,Role of short-acting nitroglycerin in the management of ischemic heart disease,full_text
CLM-003,3,Class I = patients with unstable angina or non–ST-elevation myocardial infarction (UA/NSTEMI) with ongoing ischemic discomfort should receive sublingual nitroglycerin (0.4 mg) every 5 minutes for a total of three doses. Thereafter, these patients should be assessed for the need of intravenous nitroglycerin, unless contraindicated (Level of Evidence: C).,Role of short-acting nitroglycerin in the management of ischemic heart disease,full_text
CLM-004,3,When angina starts, the patient should rest in the sitting posture (standing promotes syncope and lying down enhances venous return and heart work) and take sublingual nitroglycerin (0.3 to 0.6 mg) every 5 minutes until the pain subsides or a maximum of 1.2 mg has been taken within 15 minutes.,Role of short-acting nitroglycerin in the management of ischemic heart disease,full_text
CLM-005,3,an angina attack that does not respond to short-acting nitroglycerin (generally defined as a lack of improvement in chest discomfort following up to three short-acting nitrates every 5 minutes) should be regarded as consistent with a possible acute MI requiring immediate medical attention and evaluation.,Role of short-acting nitroglycerin in the management of ischemic heart disease,full_text
CLM-006,4,The fundamental principle of modern STEMI care—“Time is Muscle”—establishes that ischemic duration directly determines infarct size and clinical outcomes. Each minute of delay correlates with increased mortality, larger infarcts, and a higher risk of heart failure development.,The Irreversible March of Time: Ischemic Delay and Impact on Outcomes in ST-Segment Elevation Myocardial Infarction,full_text
CLM-007,4,Quantitatively, each 30 min reperfusion delay increases one-year mortality risk by 7.5%,The Irreversible March of Time: Ischemic Delay and Impact on Outcomes in ST-Segment Elevation Myocardial Infarction,full_text
CLM-008,4,adjusted in-hospital mortality rises progressively: from 3.0% at 30 min to 3.5% at 60 min, 4.3% at 90 min, and 7.0% at 150 min,The Irreversible March of Time: Ischemic Delay and Impact on Outcomes in ST-Segment Elevation Myocardial Infarction,full_text
CLM-009,4,Guidelines establish quality targets of door-to-needle ≤ 30 min and door-to-balloon ≤ 90 min,The Irreversible March of Time: Ischemic Delay and Impact on Outcomes in ST-Segment Elevation Myocardial Infarction,full_text
CLM-010,5,International guidelines from the American College of Cardiology (ACC), American Heart Association (AHA), and European Society of Cardiology (ESC – including the 2023 update) define the door-to-balloon (D2B) time equivalently termed door-to-device time as the interval from the patient’s arrival at the emergency department (ED) to first balloon inflation in the infarct-related artery. These guidelines recommend that this interval should not exceed 90 min in at least 90% of eligible patients.,Achieving door-to-balloon time ≤ 90 minutes in ST-elevation myocardial infarction: a retrospective clinical audit from a tertiary care centre in India,full_text
CLM-011,4,the newly released 2025 AHA/ACC Guideline for the Management of Patients With Acute Coronary Syndromes did not formally adopt the OMI/NOMI terminology,The Irreversible March of Time: Ischemic Delay and Impact on Outcomes in ST-Segment Elevation Myocardial Infarction,full_text
CLM-012,4,The interval from symptom onset to first medical contact (FMC) consistently represents the longest and most variable component of total ischemic time. Median patient decision delay approximates 100 min, constituting nearly 60% of pre-hospital delay.,The Irreversible March of Time: Ischemic Delay and Impact on Outcomes in ST-Segment Elevation Myocardial Infarction,full_text
CLM-013,2,Suxiao Jiuxin Pill (SJP, produced by Tianjin Zhongxin Pharmaceutical Group Co, Ltd.) is a patented drug made of active ingredients from Chuanxiong and Borneol, and it has the effect of regulating Qi and promoting blood circulation. SJP can increase coronary blood flow, improve myocardial cell hypoxia, and relieve angina pectoris similar to nitroglycerin,Efficacy and safety of Suxiao Jiuxin Pill in the treatment of stable angina: study protocol,full_text
CLM-014,2,The trial will enroll 324 participants with chronic stable angina (Qi Stagnation and Blood Stasis syndrome). All participants will have received the conventional therapy of chronic stable angina. Participants will be randomized into two groups, conventional therapy plus SJP group and conventional therapy plus placebo group. Eligible participants will receive either SJP or placebo (five pills administered orally, three times daily) in addition to conventional treatment for 24 weeks. … nitroglycerin 0.5 mg can be taken sublingually when angina pectoris is intolerable,Efficacy and safety of Suxiao Jiuxin Pill in the treatment of stable angina: study protocol,full_text
CLM-015,1,## Immediate action required: Call 999 if: you get sudden pain or discomfort in your chest that does not go away – the pain can feel like squeezing or pressure inside your chest, burning or indigestion … You could be having a heart attack. Call 999 straight away as you need immediate treatment in hospital.,Chest pain - NHS,official_page
CLM-016,4,When anticipated FMC-to-device time exceeds 120 min per ESC guidelines, the pharmaco-invasive strategy—early fibrinolysis followed by routine angiography within 2–24 h—provides a crucial alternative.,The Irreversible March of Time: Ischemic Delay and Impact on Outcomes in ST-Segment Elevation Myocardial Infarction,full_text
CLM-017,3,If additional doses are necessary, they should be taken at 5-minute intervals for a maximum dose of ≤1.2 mg within 15 minutes. During this timeframe, if relief does not occur, the patient should seek immediate medical attention.,Role of short-acting nitroglycerin in the management of ischemic heart disease,full_text
CLM-018,4,Quantitatively, each 30 min reperfusion delay increases one-year mortality risk by 7.5%,The Irreversible March of Time: Ischemic Delay and Impact on Outcomes in ST-Segment Elevation Myocardial Infarction,full_text
