pmid,title,year,journal,authors,institutions,countries,keywords,doi
42515809,Twenty-Year Trends in Antipsychotic Utilization in Serbia: A Nationwide Drug Utilization Study.,2026,"Pharmaceuticals (Basel, Switzerland)",Pavlovic Zorana; Stevanovic Milena; Milic Marija; Filimonovic Jelena; Matejić Bojana; Bogdanovic Mladen; Vukajlovic Ivana; Krstić Aleksandar; Milenović Miodrag; Dunjić Kostić Bojana,University of Belgrade; National Center for Drug and Medical Information; University Clinical Center of Serbia; Emergency Center; University of Pristina Temporarily Settled in Kosovska Mitrovica,,antipsychotic drugs; atypical antipsychotics; typical antipsychotics; utilization,10.3390/ph19071128
42129067,Diagnosis and Medication Treatment of Schizophrenia in Adolescents.,2026,Drugs,Findling Robert L; Shah Dimal; Prajapati Parna; Cordrey Evan; Nichols Manuel; Stepanova Ekaterina,Virginia Commonwealth University; University of Virginia,United States,Antipsychotic Agents; therapeutic use; adverse effects; Schizophrenia; drug therapy; diagnosis,10.1007/s40265-026-02332-y
41017289,Association of Atypical Antipsychotics With Lipid Abnormalities in Adult Patients With Schizophrenia: A Scoping Review.,2025,Neuropsychopharmacology reports,Abavana Virginia; Sadiq Soban,Kent and Medway Medical School,United Kingdom,atypical antipsychotics; dyslipidaemia; pharmacogenetics; Schizophrenia; single nucleotide polymorphism; drug therapy; blood; Antipsychotic Agents; adverse effects; therapeutic use; Dyslipidemias; chemically induced,10.1002/npr2.70042
40830714,Patterns of Serum Prolactin Elevation Associated with Nine Second-Generation Antipsychotics in a Large Cohort of Patients with Schizophrenia.,2025,CNS drugs,Zhang Lei; Zheng Yuzhen; Huang Jingjing; Yu Wenjuan; Zhou Lihong; He Luyao; Li Yange; Hu Hao; Li Guanjun; Shen Yifeng; Zhang Jianping; Li Huafang,Shanghai Mental Health Center; Shanghai Pudong New Area Mental Health Center; First Affiliated Hospital of Zhengzhou University; Shanghai Clinical Research Center for Mental Health; Weill Cornell Medical College,China; United States,"Antipsychotic Agents; adverse effects; administration & dosage; therapeutic use; Schizophrenia; drug therapy; blood; Prolactin; Dose-Response Relationship, Drug",10.1007/s40263-025-01216-1
40699529,Strategies for Switching between Oral Postsynaptic Antidopaminergic Antipsychotics in Patients with Schizophrenia: A Systematic Review.,2025,CNS drugs,Correll Christoph U,German Center for Mental Health (DZPG); Zucker School of Medicine at Hofstra/Northwell; The Zucker Hillside Hospital,Germany; United States,"Antipsychotic Agents; administration & dosage; pharmacokinetics; therapeutic use; pharmacology; Schizophrenia; drug therapy; Administration, Oral; Drug Substitution; methods",10.1007/s40263-025-01206-3
40412293,"Comparative mortality risk of antipsychotics in 41,695 patients with schizophrenia: an 11-year population-based cohort study in Hong Kong.",2025,European neuropsychopharmacology : the journal of the European College of Neuropsychopharmacology,Fang Catherine Zhiqian; Chan Joe Kwun-Nam; Solmi Marco; Wong Corine Sau-Man; Lui Simon Sai-Yu; Correll ChristophU; Chang Wing-Chung,University of Hong Kong; University of Ottawa; Donald and Barbara Zucker School of Medicine at Hofstra/Northwell,Germany; United States,Antipsychotics; Clozapine; Electronic health record; Long-acting injectables; Mortality; Schizophrenia; Antipsychotic Agents; adverse effects; therapeutic use; drug therapy; Hong Kong; epidemiology; Perphenazine,10.1016/j.euroneuro.2025.05.003
40304505,Standardization challenges in antipsychotic drug monitoring: insights from a national survey in Chinese TDM practices.,2025,Clinical chemistry and laboratory medicine,Zhou Weiyan; Zeng Jie; Zhang Linhui; Zhang Jiangtao; Deng Yuhang; Zhang Qianwen; Deng Haoyu; Wang Jing; Zhao Haijian; Zhang Chuanbao; Chen Wenxiang; Ma Jie,Beijing Hospital; National Center of Gerontology; Key Laboratory of Digital Technology in Medical Diagnostics of Zhejiang Province,China,"Antipsychotics; external quality assessment (EQA); liquid chromatography-tandem mass spectrometry (LC-MS/MS); standardization; therapeutic drug monitoring (TDM); Antipsychotic Agents; blood; standards; Chromatography, High Pressure Liquid; Chromatography, Liquid; Drug Monitoring; Quality Control; Surveys and Questionnaires; Tandem Mass Spectrometry",10.1515/cclm-2025-0186
39962354,Potential risk analysis of antipsychotics-related constipation from the FDA Adverse Event Reporting System.,2026,Expert opinion on drug safety,He Sidi; Li Chuanwei,Suzhou Guangji Hospital,China,"Antipsychotics; FAERS; Reporting odds ratio (ROR); confidence intervals (CIs); constipation; Antipsychotic Agents; adverse effects; administration & dosage; chemically induced; epidemiology; Adverse Drug Reaction Reporting Systems; statistics & numerical data; United States Food and Drug Administration; Risk Assessment; Databases, Factual",10.1080/14740338.2025.2468857
39077630,Increased antipsychotic drug concentration in hospitalized patients with mental disorders following COVID-19 infection: a call for attention.,2024,Frontiers in psychiatry,Yang Rui; Wan Jin-Ling; Pi Chen-Qi; Wang Tian-Hui; Zhu Xue-Quan; Zhou Shuang-Jiang,Beijing Anding Hospital; Beijing HuiLongGuan Hospital; s Hospital; Zhangjiakou Shalingzi Hospital,China,antipsychotic concentration; Clozapine; coronavirus disease-2019; mental disorder; therapeutic drug monitoring,10.3389/fpsyt.2024.1421370
38897716,Comparative physiological effects of antipsychotic drugs in children and young people: a network meta-analysis.,2024,The Lancet. Child & adolescent health,Rogdaki Maria; McCutcheon Robert A; D'Ambrosio Enrico; Mancini Valentina; Watson Cameron J; Fanshawe Jack B; Carr Richard; Telesia Laurence; Martini Maria Giulia; Philip Aaron; Gilbert Barnabas J; Salazar-de-Pablo Gonzalo; Kyriakopoulos Marinos; Siskind Dan; Correll Christoph U; Cipriani Andrea; Efthimiou Orestis; Howes Oliver D; Pillinger Toby,University of Oxford; Medical Research Council London Institute of Medical Sciences; National Health Service; Institute of Psychiatry; Zucker School of Medicine; University of Queensland,United Kingdom; United States; Australia,Antipsychotic Agents; therapeutic use; Mental Disorders; drug therapy; Heart Rate; drug effects; Blood Pressure,10.1016/S2352-4642(24)00098-1
37315254,[Therapeutic drug monitoring of antipsychotic drugs in routine psychiatric practice].,2023,Zhurnal nevrologii i psikhiatrii imeni S.S. Korsakova,Miroshnichenko I I; Baymeeva N V; Platova A I; Kaleda V G,Mental Health Research Center,Russia,active metabolite; active moiety; concentration-dose ratio; pharmacokinetics; serum concentration; Antipsychotic Agents; therapeutic use; Drug Monitoring; Tandem Mass Spectrometry; Risperidone; Aripiprazole; Quetiapine Fumarate; Paliperidone Palmitate,10.17116/jnevro2023123051145
36180017,Antipsychotic Safety in Liver Disease: A Narrative Review and Practical Guide for the Clinician.,2023,Journal of the Academy of Consultation-Liaison Psychiatry,Gunther Matthew; Dopheide Julie A,University of Southern California,,antipsychotic; drug-induced liver injury; hepatotoxicity; liver disease; steatosis; Antipsychotic Agents; adverse effects; Risperidone; Olanzapine; Clozapine; Liver Diseases; drug therapy,10.1016/j.jaclp.2022.09.006
35695641,Characteristics of adverse reactions among antipsychotic drugs using the Korean Adverse Event Reporting System database from 2010 to 2019.,2022,"Journal of psychopharmacology (Oxford, England)",Oh Sanghoon; Byeon Sun-Ju; Chung Soo Jie,Hallym University Dongtan Sacred Heart Hospital; Uijeongbu Eulji Medical Center,South Korea,antipsychotic drugs; adverse drug reactions; big data; pharmacovigilance; psychosis; Amisulpride; Antipsychotic Agents; adverse effects; Aripiprazole; therapeutic use; Benzodiazepines; Clozapine; Drug-Related Side Effects and Adverse Reactions; epidemiology; haloperidol; Olanzapine; Paliperidone Palmitate; Quetiapine Fumarate; Risperidone; Schizophrenia; drug therapy,10.1177/02698811221104055
34329438,Multi-Site Evaluation of Immunoassays for Antipsychotic Drug Measurement in Clinical Samples.,2021,The journal of applied laboratory medicine,Clarke William A; Salyer Bruce; Hussey Casey; Gardiner JoAnn; Johnson-Davis Kamisha; Milone Michael C,ARUP Institute for Clinical and Experimental Pathology; Johns Hopkins University School of Medicine; University of Utah Health Sciences Center; Perelman School of Medicine of the University of Pennsylvania,,"TDM; Antipsychotics; immunoassay; medication adherence; Antipsychotic Agents; therapeutic use; Chromatography, Liquid; Clozapine; Tandem Mass Spectrometry",10.1093/jalm/jfab062
33613026,Ultra-Performance Liquid Chromatography-Tandem Mass Spectrometry for Simultaneous Determination of Antipsychotic Drugs in Human Plasma and Its Application in Therapeutic Drug Monitoring.,2021,"Drug design, development and therapy",Qi Yingjie; Liu Guangxuan,Cancer Hospital of China Medical University,China,"UPLC; antipsychotic drug; individualized therapy; Tandem Mass Spectrometry; therapeutic drug monitoring; Antipsychotic Agents; blood; pharmacokinetics; Chromatography, High Pressure Liquid; Drug Monitoring",10.2147/DDDT.S290963
32416590,"A simple and rapid LC-MS/MS method for the simultaneous determination of eight antipsychotics in human serum, and its application to therapeutic drug monitoring.",2020,"Journal of chromatography. B, Analytical technologies in the biomedical and life sciences",Cao Yunfeng; Zhao Furong; Chen Jianxing; Huang Ting; Zeng Jia; Wang Lu; Sun Xiaoyu; Miao Yanming; Wang Shuang; Chen Chunwu,Dalian Runsheng Kangtai Medical Lab Co. Ltd; Key Laboratory of Contraceptives and Devices; Shenyang Mental Health Center; Key Laboratory of Liaoning Tumor Clinical Metabolomics (KLLTCM),China,"Antipsychotics; Clinical application; LC-MS/MS; therapeutic drug monitoring; Validation; Antipsychotic Agents; blood; chemistry; Chromatography, High Pressure Liquid; methods; Drug Monitoring; Drug Stability; Limit of Detection; Linear Models; Reproducibility of Results; Tandem Mass Spectrometry",10.1016/j.jchromb.2020.122129
32077627,Multiplexed therapeutic drug monitoring of antipsychotics in dried plasma spots by LC-MS/MS.,2020,Journal of separation science,Ruggiero Carla; Ramirez Stefania; Ramazzotti Eric; Mancini Rita; Muratori Roberto; Raggi Maria Augusta; Conti Matteo,LUM Metropolitan Laboratory; University of Bologna,Italy,"antipsychotic drugs; dried plasma spots; liquid chromatography-mass spectrometry; therapeutic drug monitoring; Antipsychotic Agents; blood; Chromatography, Liquid; Dried Blood Spot Testing; Drug Monitoring; Tandem Mass Spectrometry",10.1002/jssc.201901200
30876545,"Simultaneous determination of six antipsychotics, two of their metabolites and caffeine in human plasma by LC-MS/MS using a phospholipid-removal microelution-solid phase extraction method for sample preparation.",2019,Talanta,Koller Dora; Zubiaur Pablo; Saiz-Rodríguez Miriam; Abad-Santos Francisco; Wojnicz Aneta,Hospital Universitario de la Princesa,Spain,"Antipsychotics; Caffeine; Liquid chromatography-tandem mass spectrometry; Phospholipids; Solid phase extraction; therapeutic drug monitoring; Antipsychotic Agents; blood; metabolism; Aripiprazole; Chromatography, Liquid; chemistry; Tandem Mass Spectrometry",10.1016/j.talanta.2019.01.112
29915922,Clinical Pharmacokinetics of Atypical Antipsychotics: An Update.,2018,Clinical pharmacokinetics,Mauri Massimo Carlo; Paletta Silvia; Di Pace Chiara; Reggiori Alessandra; Cirnigliaro Giovanna; Valli Isabel; Altamura Alfredo Carlo,King's College London,Italy; United Kingdom,"Antipsychotic Agents; administration & dosage; adverse effects; pharmacokinetics; Dose-Response Relationship, Drug; Drug Monitoring; methods; medication adherence",10.1007/s40262-018-0664-3
29432503,Therapeutic drug monitoring of atypical antipsychotics.,2017,Psychiatria polska,Urban Anna Emilia; Cubała Wiesław Jerzy,,,"atypical antipsychotics; plasma concentration; therapeutic drug monitoring; Antipsychotic Agents; pharmacokinetics; therapeutic use; Dopamine D2 Receptor Antagonists; metabolism; Dose-Response Relationship, Drug; Drug Monitoring; Schizophrenia; drug therapy",10.12740/PP/65307
28721057,"Safety, tolerability, and risks associated with first- and second-generation antipsychotics: a state-of-the-art clinical review.",2017,Therapeutics and clinical risk management,Solmi Marco; Murru Andrea; Pacchiarotti Isabella; Undurraga Juan; Veronese Nicola; Fornaro Michele; Stubbs Brendon; Monaco Francesco; Vieta Eduard; Seeman Mary V; Correll Christoph U; Carvalho André F,"Hofstra Northwell School of Medicine; Institute of Medical Science; Institute of Psychiatry; New York State Psychiatric Institute; Anglia Ruskin University; Institute for Clinical Research and Education in Medicine; University ""Federico II""; University of Padua; Zucker Hillside Hospital; National Health Service; Federal University of Ceará; Horwitz Psychiatric Institute; Institute of Neuroscience",United States; Canada; United Kingdom; Italy; Brazil; Spain,Antipsychotics; psychiatry; psychosis; safety; side effects; tolerability,10.2147/TCRM.S117321
26896788,Clinically significant pharmacokinetic drug interactions of antiepileptic drugs with new antidepressants and new antipsychotics.,2016,Pharmacological research,Spina Edoardo; Pisani Francesco; de Leon Jose,University of Kentucky Mental Health Research Center at Eastern State Hospital; University of Messina,United States; Italy,Antidepressants; Antiepileptics; Antipsychotics; Drug Interactions; Pharmacodynamics; pharmacokinetics; Anticonvulsants; therapeutic use; Antidepressive Agents; Antipsychotic Agents,10.1016/j.phrs.2016.02.014
26406773,Estimating the Impact of Adherence to and Persistence with Atypical Antipsychotic Therapy on Health Care Costs and Risk of Hospitalization.,2015,Pharmacotherapy,Jiang Yawen; Ni Weiyi,University of Southern California,,"adherence; antipsychotic; persistence; utilization; Antipsychotic Agents; administration & dosage; economics; therapeutic use; Bipolar Disorder; drug therapy; Databases, Factual; Health Care Costs; Hospitalization; statistics & numerical data; Schizophrenia; Drug Monitoring",10.1002/phar.1634
26384040,Simple and Accurate Quantitative Analysis of 16 Antipsychotics and Antidepressants in Human Plasma by Ultrafast High-Performance Liquid Chromatography/Tandem Mass Spectrometry.,2015,Therapeutic drug monitoring,Wang Jingjing; Huang Hua; Yao Qin; Lu Yang; Zheng Qiaoling; Cheng Yuqi; Xu Xiufeng; Zhou Qiong; Wu Di; Zhang Min; Li Xiaosu; Zhang Jun,the First Affiliated Hospital of Kunming Medical University,China,"Antidepressive Agents; blood; Antipsychotic Agents; Chromatography, High Pressure Liquid; methods; Drug Monitoring; Tandem Mass Spectrometry",10.1097/FTD.0000000000000197
25400109,Weight gain and antipsychotics: a drug safety review.,2015,Expert opinion on drug safety,Musil Richard; Obermeier Michael; Russ Paul; Hamerle Michael,Ludwig-Maximilians-University Munich,Germany,Amisulpride; Aripiprazole; asenapine; Clozapine; first-generation antipsychotic agents; haloperidol; iloperidone; lurasidone; Olanzapine; paliperidone; quetiapine; Risperidone; second-generation antipsychotic agents; sertindole; Weight Gain; ziprasidone; Antipsychotic Agents; adverse effects; Body Mass Index; drug effects,10.1517/14740338.2015.974549
25365434,Antipsychotic drugs and safety concerns for breast-feeding infants.,2014,Southern medical journal,Parikh Tapan; Goyal Dharmendra; Scarff Jonathan R; Lippmann Steven,From the Rogosin Institute,,"Antipsychotic Agents; adverse effects; metabolism; pharmacology; Breast Feeding; Milk, Human; drug effects",10.14423/SMJ.0000000000000190
25132670,The use of dried blood spots for quantification of 15 antipsychotics and 7 metabolites with ultra-high performance liquid chromatography - tandem mass spectrometry.,2015,Drug testing and analysis,Patteet Lisbeth; Maudens Kristof E; Stove Christophe P; Lambert Willy E; Morrens Manuel; Sabbe Bernard; Neels Hugo,University of Antwerp; Laboratory of Toxicology; Toxicological Centre; Laboratory for TDM and Toxicology,Belgium,"UHPLC-MS/MS; Antipsychotics; dried blood spots; therapeutic drug monitoring; Antipsychotic Agents; blood; Chromatography, High Pressure Liquid; Dried Blood Spot Testing; Drug Monitoring; methods; Tandem Mass Spectrometry",10.1002/dta.1698
26417330,Clinical pharmacology of atypical antipsychotics: an update.,2014,EXCLI journal,Mauri M C; Paletta S; Maffini M; Colasanti A; Dragogna F; Di Pace C; Altamura A C,University of Milan; Institute of Psychiatry,Italy; United Kingdom,,
24291056,High throughput identification and quantification of 16 antipsychotics and 8 major metabolites in serum using ultra-high performance liquid chromatography-tandem mass spectrometry.,2014,Clinica chimica acta; international journal of clinical chemistry,Patteet Lisbeth; Maudens Kristof E; Sabbe Bernard; Morrens Manuel; De Doncker Mireille; Neels Hugo,Toxicological Centre; University of Antwerp; Laboratory for TDM and Toxicology,Belgium,"7-hydroxy-N-desalkyl-quetiapine; 7-hydroxy-quetiapine; 7OH-NDA-QUE; 7OH-QUE; AGNP; AMI; AP; ARI; ASE; Antipsychotics; Arbeidsgemeinschaft für Neuropsychopharmakologie und Pharmakopsychiatrie; BRO; CI; CLO; DARI; EMA; ER; ESI; European Medicines Agency; FDA; Food and Drug Administration; HAL; HILO; ILO; LC; LC–MS/MS; LLE; LLOQ; LSUL; LUR; ME; MRM; MS; MTBE; Mass spectrometry; N-demethyl-clozapine; N-demethyl-olanzapine; NDM-CLO; NDM-OLA; Neuroleptics; OLA; PAL; PIP; QC; QUE; RHAL; RIS; RT; SER; SIL-IS; therapeutic drug monitoring; UHPLC–MS/MS; ZUC; Amisulpride; Aripiprazole; asenapine; bromperidol; Clozapine; confidence interval; dehydro-aripiprazole; electrospray ionization; extraction recovery; haloperidol; hydroxy-iloperidone; iloperidone; levosulpiride; liquid chromatography; liquid chromatography–tandem mass spectrometry; liquid–liquid extraction; lower limit of quantification; lurasidone; matrix effects; methyl tert-butyl ether; multiple-reaction monitoring; Olanzapine; paliperidone; pipamperone; Quality Control; quetiapine; reduced haloperidol; retention time; Risperidone; sertindole; stable isotope labeled internal standard; ultra-high performance liquid chromatography–tandem mass spectrometry; zuclopenthixol; Antipsychotic Agents; blood; isolation & purification; metabolism; Blood Chemical Analysis; methods; Chromatography, High Pressure Liquid; Liquid-Liquid Extraction; Reproducibility of Results; Tandem Mass Spectrometry",10.1016/j.cca.2013.11.024
24249315,Quetiapine versus other atypical antipsychotics for schizophrenia.,2013,The Cochrane database of systematic reviews,Asmal Laila; Flegar Srnka J; Wang Jikun; Rummel-Kluge Christine; Komossa Katja; Leucht Stefan,University of Stellenbosch,South Africa,Antipsychotic Agents; adverse effects; therapeutic use; Benzodiazepines; Clozapine; Dibenzothiazepines; Olanzapine; Piperazines; Quetiapine Fumarate; Risperidone; Schizophrenia; drug therapy; Thiazoles; Drug Monitoring,10.1002/14651858.CD006625.pub3
23664462,Plasma levels of second-generation antipsychotics and clinical response in acute psychosis: a review of the literature.,2013,Schizophrenia research,Lopez Leonardo V; Kane John M,The Zucker Hillside Hospital,United States,"Antipsychotic Agents; blood; therapeutic use; Databases, Bibliographic; statistics & numerical data; Psychotic Disorders; drug therapy",10.1016/j.schres.2013.04.002
23588704,Safety and pharmacokinetics of atypical antipsychotics in children and adolescents.,2013,Paediatric drugs,Caccia Silvio,,Italy,Aggression; drug effects; Antipsychotic Agents; adverse effects; pharmacokinetics; therapeutic use; Cardiovascular Diseases; chemically induced; Drug Interactions; Schizophrenia; drug therapy; Weight Gain,10.1007/s40272-013-0024-6
23477803,"LC-MS/MS of some atypical antipsychotics in human plasma, serum, oral fluid and haemolysed whole blood.",2013,Forensic science international,Fisher Danielle S; Partridge Suzanne J; Handley Simon A; Couchman Lewis; Morgan Phillip E; Flanagan Robert J,National Health Service,United Kingdom,"Amisulpride; Antipsychotic Agents; analysis; Aripiprazole; Benzodiazepines; Chromatography, Liquid; Clozapine; analogs & derivatives; Dibenzothiazepines; Forensic Toxicology; methods; Hemolysis; Isoxazoles; Olanzapine; Paliperidone Palmitate; Piperazines; Pyrimidines; Quetiapine Fumarate; Quinolones; Reproducibility of Results; Risperidone; Saliva; chemistry; Serum; Sulpiride; Tandem Mass Spectrometry",10.1016/j.forsciint.2013.02.010
23234587,Rhabdomyolysis reported for children and adolescents treated with antipsychotic medicines: a case series analysis.,2012,Journal of child and adolescent psychopharmacology,Star Kristina; Iessa Noha; Almandil Noor B; Wilton Lynda; Curran Sarah; Edwards I Ralph; Wong Ian C K,World Health Organization,Sweden,"Antipsychotic Agents; administration & dosage; adverse effects; therapeutic use; Databases, Factual; Dose-Response Relationship, Drug; Drug Monitoring; methods; Research Design; Rhabdomyolysis; chemically induced; epidemiology; physiopathology",10.1089/cap.2011.0134
23149440,Therapeutic drug monitoring of common antipsychotics.,2012,Therapeutic drug monitoring,Patteet Lisbeth; Morrens Manuel; Maudens Kristof E; Niemegeers Peter; Sabbe Bernard; Neels Hugo,Toxicological Centre,Belgium,Antipsychotic Agents; adverse effects; pharmacokinetics; pharmacology; therapeutic use; Drug Interactions; Drug Monitoring,10.1097/FTD.0b013e3182708ec5.
22913904,Weight gain and glucose dysregulation with second-generation antipsychotics and antidepressants: a review for primary care physicians.,2012,Postgraduate medicine,Hasnain Mehrul; Vieweg W Victor R; Hollett Bruce,Memorial University,Canada,"Antidepressive Agents, Second-Generation; adverse effects; Antipsychotic Agents; Blood Glucose; drug effects; Glucose Metabolism Disorders; chemically induced; Obesity; etiology; Physicians, Primary Care; Risk; Weight Gain",10.3810/pgm.2012.07.2577
22784311,Summary of the comparative effectiveness review on off-label use of atypical antipsychotics.,2012,Journal of managed care pharmacy : JMCP,Maher Alicia R; Theodore George,"University of California, Los Angeles",United States,Antipsychotic Agents; adverse effects; therapeutic use; Off-Label Use; United States Food and Drug Administration,10.18553/jmcp.2012.18.s5-b.1
19084370,Practical guidelines for the use of new generation antipsychotic drugs (except clozapine) in adult individuals with intellectual disabilities.,2009,Research in developmental disabilities,de Leon Jose; Greenlee Brian; Barber Jack; Sabaawi Mohamed; Singh Nirbhay N,University of Kentucky Mental Health Research Center,United States,Antipsychotic Agents; therapeutic use; Clozapine; Drug Evaluation; Evidence-Based Medicine; Intellectual Disability; drug therapy; Persons with Intellectual Disabilities; Practice Guidelines as Topic; Psychotic Disorders,10.1016/j.ridd.2008.10.010
