claimId,referenceNumber,supportQuote,claimType,sourceTitle
CLM-001,1,"270 patients were enrolled. Nitroglycerin relieved chest pain in 66% of the subjects. … The diagnostic sensitivity of nitroglycerin to determine cardiac chest pain was 72% (64%–80%), and the specificity was 37% (34%–41%). The positive likelihood ratio for having coronary artery … if nitroglycerin relieved chest pain was 1.1 (0.96–1.34). … Telephone follow-up at 4 weeks was performed, with a 95% follow-up rate.",direct,"Chest pain in emergency department patients: if the pain is relieved by nitroglycerin, is it more likely to be cardiac c"
CLM-002,1,Nitroglycerin relieved chest pain in 66% of the subjects.,direct,"Chest pain in emergency department patients: if the pain is relieved by nitroglycerin, is it more likely to be cardiac c"
CLM-003,1,"There were 35 AMIs, based on troponin levels in the study population. Of those diagnosed with AMI, 20 experienced relief with NTG and 15 did not",direct,"Chest pain in emergency department patients: if the pain is relieved by nitroglycerin, is it more likely to be cardiac c"
CLM-004,1,"Using a Pearson χ2, NTG was found not to be statistically significant (p = 0.12)",direct,"Chest pain in emergency department patients: if the pain is relieved by nitroglycerin, is it more likely to be cardiac c"
CLM-005,1,Relief of chest pain with nitroglycerin is not a reliable diagnostic test and does not distinguish between cardiac and non-cardiac chest pain.,direct,"Chest pain in emergency department patients: if the pain is relieved by nitroglycerin, is it more likely to be cardiac c"
CLM-006,1,"The positive likelihood ratio was approximately 1, suggesting that the pretest probability of disease was equivalent to the post-test probability of disease.",direct,"Chest pain in emergency department patients: if the pain is relieved by nitroglycerin, is it more likely to be cardiac c"
CLM-007,2,recent chest pain guidelines suggest that the relief of chest pain by NTG should not be used as a diagnostic factor (as other etiologies of chest pain such as esophageal spasm may be relieved by NTG),direct,Nitroglycerin Use in the Emergency Department: Current Perspectives
CLM-008,2,"the 2020 European Society of Cardiology recommends (Class I, Level C) the use of sublingual or IV nitrates in patients with ongoing ischemic symptoms",direct,Nitroglycerin Use in the Emergency Department: Current Perspectives
CLM-009,2,the recommended doses of NTG include sublingual or spray (0.3 to 0.6 mg) every 5 minutes up to a maximum of 3 doses,direct,Nitroglycerin Use in the Emergency Department: Current Perspectives
CLM-010,13,"Of the 356 cases in the NCHD group, 196 (55.1%) were of the GG genotype and 130 (36.5%) were of the GA genotype. Of the 130 cases, 30 (8.4%) accounted for the AA genotype with the G and A allele frequencies at 82.8%–17.2%, respectively.",direct,Effect of Aldehyde Dehydrogenase 2 Gene Polymorphism on Hemodynamics After Nitroglycerin Intervention in Northern Chines
CLM-011,13,"Of the 203 cases in the CHD group, 103 (50.7%) were of the GG genotype and 86 (42.4%) were of the GA genotypes. Of the 86, 14 cases (6.9%) accounted for the AA genotype with the G and A allele frequencies of 81.4%–18.6%, respectively.",direct,Effect of Aldehyde Dehydrogenase 2 Gene Polymorphism on Hemodynamics After Nitroglycerin Intervention in Northern Chines
CLM-012,13,"The GA genotype (i.e., mutant) only has 6% activity, whereas the AA genotype (i.e., mutant) loses all its activities.",direct,Effect of Aldehyde Dehydrogenase 2 Gene Polymorphism on Hemodynamics After Nitroglycerin Intervention in Northern Chines
CLM-013,13,"The NTG efficacies of the GG and the GA/AA subgroups were 79.4% and 50.6%, respectively. The difference in rapid NTG efficiency was statistically significant ( P < 0.01)",direct,Effect of Aldehyde Dehydrogenase 2 Gene Polymorphism on Hemodynamics After Nitroglycerin Intervention in Northern Chines
CLM-014,13,"All CO values in the wild-type case of both NCHD and CHD groups increased, whereas those in the mutant type decreased.",direct,Effect of Aldehyde Dehydrogenase 2 Gene Polymorphism on Hemodynamics After Nitroglycerin Intervention in Northern Chines
CLM-015,13,The single nucleotide polymorphism mutation rate in East Asia reaches up to 30%–50%.,direct,Effect of Aldehyde Dehydrogenase 2 Gene Polymorphism on Hemodynamics After Nitroglycerin Intervention in Northern Chines
CLM-016,14,Lowered alcohol tolerance due to the accumulation of acetaldehyde is seen in around 40% of the East Asian population.,direct,"Glyceryl Trinitrate: History, Mystery, and Alcohol Intolerance"
CLM-017,14,"While Glu504 homozygotes (ALDH2*1/1) have fully functional enzymatic activity, a drop to negligible levels is seen in Lys504 homozygotes (ALDH2*2/2) and only an uptick to 6% of normal activity is seen in Glu504/Lys504 heterozygotes (ALDH2*1/2)",direct,"Glyceryl Trinitrate: History, Mystery, and Alcohol Intolerance"
CLM-018,14,"recruited 142 coronary heart disease patients and showed that the amelioration of angina pectoris attacks within 5 min of GTN treatment was seen in 67.1% of patients who did not show flushing after drinking wine, compared to just 20.4% in flushing patients. This was consistent with genotype work, which showed that an efficacious response to GTN in 5 min was seen in 57.5% of Glu504 patients compared to 11.1% in the alcohol intolerant, Lys504 patients",direct,"Glyceryl Trinitrate: History, Mystery, and Alcohol Intolerance"
CLM-019,14,"for mutant subjects there was a lack of GTN efficacy, which was reinforced by enzyme kinetic studies that showed a 10-fold drop in GTN metabolism when using the Lys504 enzyme in place of the ALDH2 wild type",direct,"Glyceryl Trinitrate: History, Mystery, and Alcohol Intolerance"
CLM-020,14,"concluded that Lys504 mutant subjects, when administered with GTN sublingually, showed no difference in terms of vasodilatory effects when compared to Glu504 wild type subjects",direct,"Glyceryl Trinitrate: History, Mystery, and Alcohol Intolerance"
CLM-021,14,"enhancements in forearm blood flow, using intra-arterial administration of GTN, but such improvements were still shown to be 40% lower in mutant subjects … which led Mackenzie and co-workers to conclude that while important, under half of GTN’s total bioactivation was ALDH2 dependent",direct,"Glyceryl Trinitrate: History, Mystery, and Alcohol Intolerance"
CLM-022,20,"EMS delay time was independently associated with a higher risk of mortality (adjusted OR 1.20; 95% CI 1.02 to 1.40, for every 30 min increase) … Over the study period, a total of 2976 patients with STEMI presented to Ambulance Victoria and underwent PPCI at an interventional hospital.",direct,Impact of emergency medical service delays on time to reperfusion and mortality in STEMI
CLM-023,20,EMS delay time accounted for the first half of total system delay (median=59 min (IQR=48–77)),direct,Impact of emergency medical service delays on time to reperfusion and mortality in STEMI
CLM-024,21,"adjusted in-hospital mortality rises progressively: from 3.0% at 30 min to 3.5% at 60 min, 4.3% at 90 min, and 7.0% at 150 min",direct,The Irreversible March of Time: Ischemic Delay and Impact on Outcomes in ST-Segment Elevation Myocardial Infarction
CLM-025,21,each 30 min reperfusion delay increases one-year mortality risk by 7.5%,direct,The Irreversible March of Time: Ischemic Delay and Impact on Outcomes in ST-Segment Elevation Myocardial Infarction
CLM-026,21,"Median patient decision delay approximates 100 min, constituting nearly 60% of pre-hospital delay",direct,The Irreversible March of Time: Ischemic Delay and Impact on Outcomes in ST-Segment Elevation Myocardial Infarction
CLM-027,8,The 41 studies consisted of 6276 patients with coronary heart disease.,direct,Efficacy of Suxiao Jiuxin Pill on Coronary Heart Disease: A Meta-Analysis of Randomized Controlled Trials
CLM-028,8,All of the included studies were conducted in China.,direct,Efficacy of Suxiao Jiuxin Pill on Coronary Heart Disease: A Meta-Analysis of Randomized Controlled Trials
CLM-029,8,"Pooled analysis indicated significant benefits of suxiao jiuxin pill on ECG outcomes (RR 1.32; 95% CI 1.26 to 1.38, P < 0.001). … The subgroup analyses indicated that suxiao jiuxin pill improved ECG results more than salvia tablets (RR 1.54; 95% CI 1.41 to 1.67, P < 0.001), isosorbide dinitrate (RR 1.14; 95% CI 1.05 to 1.22, P = 0.001), nitroglycerin (RR 1.35, 95% CI 1.16 to 1.56, P < 0.001), and other drugs (RR 1.32, 95% CI 1.21 to 1.44, P < 0.001).",direct,Efficacy of Suxiao Jiuxin Pill on Coronary Heart Disease: A Meta-Analysis of Randomized Controlled Trials
CLM-030,8,The majority of the included studies received low Jadad scores due to the lack of a double-blind design,direct,Efficacy of Suxiao Jiuxin Pill on Coronary Heart Disease: A Meta-Analysis of Randomized Controlled Trials
CLM-031,8,"There was no significant difference in the adverse reaction rates between the treatment and the control groups (RR 1.12, 95% CI 0.50 to 2.51, and P = 0.785)",direct,Efficacy of Suxiao Jiuxin Pill on Coronary Heart Disease: A Meta-Analysis of Randomized Controlled Trials
CLM-032,8,"The primary outcome of the selected studies was the improvement in ECG results, including resting ECG returning to normal or negative submaximal exercise test.",direct,Efficacy of Suxiao Jiuxin Pill on Coronary Heart Disease: A Meta-Analysis of Randomized Controlled Trials
CLM-033,8,"In this study, we did not analyze cardiovascular death or drug-related complications.",direct,Efficacy of Suxiao Jiuxin Pill on Coronary Heart Disease: A Meta-Analysis of Randomized Controlled Trials
CLM-034,24,"Immediate action required: Call 999 if: … you get sudden pain or discomfort in your chest that does not go away – the pain can feel like squeezing or pressure inside your chest, burning or indigestion … You could be having a heart attack. Call 999 straight away as you need immediate treatment in hospital.",direct,Chest pain - NHS
CLM-035,1,Relief of chest pain with nitroglycerin is not a reliable diagnostic test and does not distinguish between cardiac and non-cardiac chest pain.,synthesized,
CLM-036,2,the recommended doses of NTG include sublingual or spray (0.3 to 0.6 mg) every 5 minutes up to a maximum of 3 doses,synthesized,
CLM-038,1,"Cardiac chest pain — defined for this study as chest pain associated with 1 of the following: 1) new ECG changes of 1 mm in 2 contiguous leads, 2) positive cardiac troponin T >0.3 mcg/L (normal level <0.3 mcg/L)",direct,"Chest pain in emergency department patients: if the pain is relieved by nitroglycerin, is it more likely to be cardiac c"
CLM-040,13,"The NTG efficacies of the GG and the GA/AA subgroups were 79.4% and 50.6%, respectively.",synthesized,
